{
  "01_fibonacci": {
    "python": {
      "mean": 1.2105878988901775,
      "stdev": 0.010353925078606649,
      "min": 1.2012090682983398,
      "max": 1.221698522567749,
      "runs": [
        1.221698522567749,
        1.2088561058044434,
        1.2012090682983398
      ]
    }
  },
  "02_prime_sieve": {
    "python": {
      "mean": 0.11900925636291504,
      "stdev": 0.0015904364450226671,
      "min": 0.11754059791564941,
      "max": 0.12069845199584961,
      "runs": [
        0.12069845199584961,
        0.11754059791564941,
        0.1187887191772461
      ]
    }
  },
  "03_matrix_multiply": {
    "python": {
      "mean": 0.5515926678975424,
      "stdev": 0.009460389957407403,
      "min": 0.5435116291046143,
      "max": 0.5619988441467285,
      "runs": [
        0.5619988441467285,
        0.5492675304412842,
        0.5435116291046143
      ]
    }
  },
  "04_string_ops": {
    "python": {
      "mean": 0.03613607088724772,
      "stdev": 0.0016990142945263105,
      "min": 0.03511548042297363,
      "max": 0.038097381591796875,
      "runs": [
        0.038097381591796875,
        0.03511548042297363,
        0.035195350646972656
      ]
    }
  },
  "05_hash_operations": {
    "python": {
      "mean": 0.3221569061279297,
      "stdev": 0.008880497525302906,
      "min": 0.3139219284057617,
      "max": 0.33156609535217285,
      "runs": [
        0.33156609535217285,
        0.3139219284057617,
        0.3209826946258545
      ]
    }
  },
  "06_sorting": {
    "python": {
      "mean": 0.07922530174255371,
      "stdev": 0.004085915377294323,
      "min": 0.07489156723022461,
      "max": 0.0830073356628418,
      "runs": [
        0.07977700233459473,
        0.0830073356628418,
        0.07489156723022461
      ]
    }
  },
  "07_file_io": {
    "python": {
      "mean": 0.08240222930908203,
      "stdev": 0.0022523575539129736,
      "min": 0.08075475692749023,
      "max": 0.08496880531311035,
      "runs": [
        0.08496880531311035,
        0.08148312568664551,
        0.08075475692749023
      ]
    }
  },
  "08_json_parsing": {
    "python": {
      "mean": 0.05859375,
      "stdev": 0.0015271235582774965,
      "min": 0.0568544864654541,
      "max": 0.05971503257751465,
      "runs": [
        0.05921173095703125,
        0.0568544864654541,
        0.05971503257751465
      ]
    }
  },
  "09_memory_allocation": {
    "python": {
      "mean": 0.21732640266418457,
      "stdev": 0.0002652902503231597,
      "min": 0.21702075004577637,
      "max": 0.2174968719482422,
      "runs": [
        0.21702075004577637,
        0.2174968719482422,
        0.21746158599853516
      ]
    }
  },
  "10_regex": {
    "python": {
      "mean": 0.07193573315938313,
      "stdev": 0.0010204672899987775,
      "min": 0.07079148292541504,
      "max": 0.07275152206420898,
      "runs": [
        0.07226419448852539,
        0.07275152206420898,
        0.07079148292541504
      ]
    }
  }
}