{
  "timestamp": "2025-09-25 09:27:20",
  "benchmarks": {
    "arithmetic": {
      "tauraro": 0.022669315338134766,
      "python": 0.07297086715698242
    },
    "string": {
      "tauraro": 0.020786523818969727,
      "python": 0.13648343086242676
    },
    "loop": {
      "tauraro": 0.018564939498901367,
      "python": 0.06397509574890137
    },
    "function": {
      "tauraro": 0.02509617805480957,
      "python": 0.054001569747924805
    }
  }
}