{
  "timestamp": "2025-10-03 22:08:54",
  "benchmarks": {
    "arithmetic": {
      "tauraro": null,
      "python": 0.06193375587463379
    },
    "string": {
      "tauraro": null,
      "python": 0.05651068687438965
    },
    "loop": {
      "tauraro": null,
      "python": 0.047361135482788086
    },
    "function": {
      "tauraro": null,
      "python": 0.060016632080078125
    },
    "sorting": {
      "tauraro": null,
      "python": 11.303352117538452
    },
    "math": {
      "tauraro": null,
      "python": 0.1955738067626953
    }
  }
}