{
  "timestamp": "2025-10-05 01:22:58",
  "benchmarks": {
    "sorting": {
      "tauraro": 0.13980412483215332,
      "python": 15.321300983428955
    },
    "function": {
      "tauraro": 1.2217745780944824,
      "python": 1.3795843124389648
    },
    "loop": {
      "tauraro": 33.16636419296265,
      "python": 0.0541384220123291
    }
  }
}