{
  "timestamp": "2025-10-07 13:02:35",
  "benchmarks": {
    "arithmetic": {
      "tauraro": null,
      "python": 0.11809182167053223
    },
    "string": {
      "tauraro": 0.11758565902709961,
      "python": 0.0932619571685791
    },
    "loop": {
      "tauraro": 46.06201148033142,
      "python": 0.11541080474853516
    },
    "function": {
      "tauraro": 0.19119882583618164,
      "python": 0.15516352653503418
    },
    "sorting": {
      "tauraro": 0.0802164077758789,
      "python": 21.552863597869873
    },
    "math": {
      "tauraro": null,
      "python": 0.08454418182373047
    }
  }
}