{
  "timestamp": "2025-10-08 15:59:35",
  "benchmarks": {
    "arithmetic": {
      "tauraro": 1.7995977401733398,
      "python": 0.13651752471923828
    },
    "string": {
      "tauraro": 0.4280548095703125,
      "python": 0.1325681209564209
    },
    "loop": {
      "tauraro": 0.8488175868988037,
      "python": 0.10108017921447754
    },
    "function": {
      "tauraro": null,
      "python": 0.1207280158996582
    },
    "sorting": {
      "tauraro": 0.09840965270996094,
      "python": 0.17224645614624023
    },
    "math": {
      "tauraro": null,
      "python": 0.17204880714416504
    }
  }
}