{
  "timestamp": "2025-09-25 09:36:04",
  "tauraro_interpreted": 0.07748713998589665,
  "python": 0.07756250001257285,
  "speedup": 1.0009725488215195
}